{
  "1": {
    "1": 0.5975584983825684,
    "3": 0.8120794892311096,
    "5": 0.8553736805915833,
    "7": 0.342326819896698
  },
  "3": {
    "1": 0.24735833704471588,
    "3": 0.46984192728996277,
    "5": 0.4153529703617096,
    "7": 0.0555490218102932
  },
  "7": {
    "1": 0.2631469964981079,
    "3": 0.40312397480010986,
    "5": 0.27974942326545715,
    "7": 0.054355356842279434
  },
  "15": {
    "1": 0.2155989408493042,
    "3": 0.22522111237049103,
    "5": 0.04958578944206238,
    "7": 0.05324584245681763
  },
  "30": {
    "1": 0.26167893409729004,
    "3": 0.23985601961612701,
    "5": 0.060825590044260025,
    "7": 0.07052705436944962
  }
}