{
  "L": 1,
  "best_epoch": 2,
  "train_mse": 0.10009459554614841,
  "test_mse": 0.6518346265740692,
  "epochs_run": 10,
  "runtime_sec": 64.61081147193909
}