{
  "L": 3,
  "best_epoch": 23,
  "train_mse": 0.31226912855994304,
  "test_mse": 0.2970255799071747,
  "epochs_run": 31,
  "runtime_sec": 68.96282696723938
}