{
  "L": 15,
  "best_epoch": 58,
  "train_mse": 0.16492073568399065,
  "test_mse": 0.13591292659693863,
  "epochs_run": 60,
  "runtime_sec": 27.088969945907593
}