{
  "L": 30,
  "best_epoch": 40,
  "train_mse": 0.19280057601747103,
  "test_mse": 0.1582219078578055,
  "epochs_run": 48,
  "runtime_sec": 11.26099705696106
}