{
  "L": 7,
  "best_epoch": 29,
  "train_mse": 0.27745381023548543,
  "test_mse": 0.2500939384270459,
  "epochs_run": 37,
  "runtime_sec": 35.30089497566223
}